,reps,paulis,entanglement,density_diff,densities,pauli_quantity,pauli_diversity,precision,recall,f1-score
33,1,"['Y', 'ZX']",linear,0.15571820342204537,"(0.33059394221545474, 0.175125085140685, 0.331092634910006)",3,3,0.9285714285714285,0.9166666666666666,0.9160839160839161
42,1,"['Z', 'YX']",linear,0.15571820342204537,"(0.33059394221545474, 0.175125085140685, 0.331092634910006)",3,3,0.9285714285714285,0.9166666666666666,0.9160839160839161
22,2,"['YY', 'X']",linear,0.15007323716704982,"(0.3330699511023133, 0.18760078873643724, 0.34227810070466086)",3,2,0.875,0.8333333333333334,0.8285714285714286
34,1,"['Y', 'ZY']",linear,0.1470797637173355,"(0.33125834401628773, 0.1904926808603754, 0.3438865451391341)",3,2,0.9285714285714285,0.9166666666666666,0.9160839160839161
3,1,"['XX', 'Y']",linear,0.14500097611767504,"(0.330194732737665, 0.19367992620050867, 0.3471670718987025)",3,2,0.7571428571428571,0.75,0.7482517482517482
37,3,['Y'],linear,0.14500097611767504,"(0.330194732737665, 0.19367992620050867, 0.3471670718987025)",1,1,0.7571428571428571,0.75,0.7482517482517482
14,1,"['X', 'Z']",linear,0.14500097611767504,"(0.330194732737665, 0.19367992620050867, 0.3471670718987025)",2,2,0.7571428571428571,0.75,0.7482517482517482
13,1,"['X', 'Y']",linear,0.14500097611767504,"(0.330194732737665, 0.19367992620050867, 0.3471670718987025)",2,2,0.7571428571428571,0.75,0.7482517482517482
4,1,"['XX', 'Z']",linear,0.14500097611767504,"(0.330194732737665, 0.19367992620050867, 0.3471670718987025)",3,2,0.7571428571428571,0.75,0.7482517482517482
18,2,['X'],linear,0.14500097611767504,"(0.330194732737665, 0.19367992620050867, 0.3471670718987025)",1,1,0.7571428571428571,0.75,0.7482517482517482
1,1,['Y'],linear,0.14500097611767504,"(0.330194732737665, 0.19367992620050867, 0.3471670718987025)",1,1,0.7571428571428571,0.75,0.7482517482517482
2,1,['Z'],linear,0.14500097611767504,"(0.330194732737665, 0.19367992620050867, 0.3471670718987025)",1,1,0.7571428571428571,0.75,0.7482517482517482
44,1,"['Z', 'YZ']",linear,0.14322907318807432,"(0.32009228612079366, 0.18853882364107888, 0.3434435075375128)",3,2,0.9285714285714285,0.9166666666666666,0.9160839160839161
42,2,"['Y', 'X']",linear,0.12631024304598487,"(0.3394533776180859, 0.1980181981263765, 0.3092035047266369)",2,2,0.7571428571428571,0.75,0.7482517482517482
26,1,"['Y', 'Z']",linear,0.11128624272769572,"(0.44037569510974567, 0.3528378956611641, 0.48787258166797387)",2,2,0.7571428571428571,0.75,0.7482517482517482
37,1,"['Z', 'Y']",linear,0.11128624272769572,"(0.44037569510974567, 0.3528378956611641, 0.48787258166797387)",2,2,0.7571428571428571,0.75,0.7482517482517482
9,2,"['Z', 'Y']",linear,0.10817749453781111,"(0.3346176690699123, 0.21242704336092066, 0.3065914067275512)",2,2,0.6666666666666666,0.6666666666666666,0.6666666666666666
40,2,"['X', 'ZY']",linear,0.10478699557987328,"(0.3205485495080458, 0.20260641822531542, 0.2942382781023316)",3,3,0.9285714285714285,0.9166666666666666,0.9160839160839161
17,1,"['YZ', 'Y']",linear,0.10115796251185039,"(0.32922345865585845, 0.2216924806626417, 0.31647742769312565)",3,2,0.5857142857142857,0.5833333333333334,0.5804195804195803
41,1,"['ZY', 'Y']",linear,0.10115796251185039,"(0.32922345865585845, 0.2216924806626417, 0.31647742769312565)",3,2,0.5857142857142857,0.5833333333333334,0.5804195804195803
27,3,"['Z', 'Y']",linear,0.09684029898615346,"(0.3322426589589813, 0.24057107692408833, 0.34258009286150226)",2,2,0.875,0.8333333333333334,0.8285714285714286
39,2,"['X', 'ZX']",linear,0.09642859962051223,"(0.3266390374165373, 0.21701657797390947, 0.3002513177723061)",3,2,0.7999999999999999,0.6666666666666666,0.6249999999999999
30,1,"['Y', 'YX']",linear,0.09634105933240475,"(0.31759783480674086, 0.2066257016832874, 0.2883356872246434)",3,2,0.5,0.5,0.5
45,1,"['Z', 'ZX']",linear,0.09634105933240475,"(0.31759783480674086, 0.2066257016832874, 0.2883356872246434)",3,2,0.5,0.5,0.5
40,1,"['Z', 'XY']",linear,0.09361394539608073,"(0.3151321488905577, 0.20660194597294643, 0.28529963384749657)",3,3,0.5,0.5,0.5
29,1,"['Y', 'XZ']",linear,0.09361394539608073,"(0.3151321488905577, 0.20660194597294643, 0.28529963384749657)",3,3,0.5,0.5,0.5
41,3,"['YY', 'Y']",linear,0.09020563275526958,"(0.2977391723699143, 0.21192518490528137, 0.30652246295118757)",3,1,0.5857142857142857,0.5833333333333334,0.5804195804195803
21,3,"['Y', 'YY']",linear,0.09020563275526958,"(0.2977391723699143, 0.21192518490528137, 0.30652246295118757)",3,1,0.5857142857142857,0.5833333333333334,0.5804195804195803
14,3,"['Y', 'X']",linear,0.08680398881053136,"(0.34138600316584644, 0.29871855708243045, 0.4296590886200772)",2,2,0.6666666666666666,0.6666666666666666,0.6666666666666666
38,2,"['X', 'YZ']",linear,0.08649289220660664,"(0.3151582203156837, 0.21188727779814595, 0.2816021196938215)",3,3,0.8333333333333334,0.8333333333333334,0.8333333333333334
15,1,"['XY', 'Y']",linear,0.08509203467048923,"(0.30574294163755616, 0.21558126023468663, 0.29560364817279555)",3,2,0.7571428571428571,0.75,0.7482517482517482
28,1,"['XZ', 'Z']",linear,0.08509203467048923,"(0.30574294163755616, 0.21558126023468663, 0.29560364817279555)",3,2,0.7571428571428571,0.75,0.7482517482517482
27,1,"['XZ', 'Y']",linear,0.08482939462423486,"(0.2933369125211265, 0.21113130401966315, 0.29858448476666954)",3,3,0.7571428571428571,0.75,0.7482517482517482
16,1,"['XY', 'Z']",linear,0.08482939462423486,"(0.2933369125211265, 0.21113130401966315, 0.29858448476666954)",3,3,0.7571428571428571,0.75,0.7482517482517482
8,1,"['ZZ', 'Z']",linear,0.08286895018920074,"(0.2973861035651947, 0.21360050510967457, 0.29555280703255593)",3,1,0.5,0.5,0.48571428571428577
20,2,"['XX', 'X']",linear,0.08286895018920074,"(0.2973861035651947, 0.21360050510967457, 0.29555280703255593)",3,1,0.5,0.5,0.48571428571428577
33,2,"['X', 'XX']",linear,0.08286895018920074,"(0.2973861035651947, 0.21360050510967457, 0.29555280703255593)",3,1,0.5,0.5,0.48571428571428577
7,1,"['ZZ', 'Y']",linear,0.08286895018920074,"(0.2973861035651947, 0.21360050510967457, 0.29555280703255593)",3,2,0.5,0.5,0.48571428571428577
31,1,"['Y', 'YY']",linear,0.08286895018920074,"(0.2973861035651947, 0.21360050510967457, 0.29555280703255593)",3,1,0.5,0.5,0.48571428571428577
5,1,"['YY', 'Y']",linear,0.08286895018920074,"(0.2973861035651947, 0.21360050510967457, 0.29555280703255593)",3,1,0.5,0.5,0.48571428571428577
6,1,"['YY', 'Z']",linear,0.08286895018920074,"(0.2973861035651947, 0.21360050510967457, 0.29555280703255593)",3,2,0.5,0.5,0.48571428571428577
1,1,"['Z', 'ZZ']",linear,0.08286895018920074,"(0.2973861035651947, 0.21360050510967457, 0.29555280703255593)",3,1,0.5,0.5,0.48571428571428577
31,2,"['X', 'Y']",linear,0.08226756515114225,"(0.34053461972366733, 0.2699379476998221, 0.36387640597826143)",2,2,0.8333333333333334,0.8333333333333334,0.8333333333333334
35,1,"['Y', 'ZZ']",linear,0.08180136224725881,"(0.29449368221311417, 0.22100903811150607, 0.3111271185044156)",3,2,0.7571428571428571,0.75,0.7482517482517482
43,1,"['Z', 'YY']",linear,0.08180136224725881,"(0.29449368221311417, 0.22100903811150607, 0.3111271185044156)",3,2,0.7571428571428571,0.75,0.7482517482517482
31,3,"['ZY', 'Y']",linear,0.07969580865965156,"(0.37860990951597573, 0.23464620975787595, 0.25007412731907924)",3,2,0.8333333333333334,0.8333333333333334,0.8333333333333334
18,3,"['Y', 'XY']",linear,0.0785912884155946,"(0.3579950257469672, 0.2363389291330119, 0.27186540935024583)",3,2,0.8333333333333334,0.8333333333333334,0.8333333333333334
19,3,"['XZ', 'XX']",linear,0.07655102395101832,"(0.606818182740779, 0.45180490536435225, 0.4498936758899621)",4,2,0.4142857142857143,0.4166666666666667,0.41258741258741255
21,3,"['ZX', 'XX']",linear,0.07655102395101832,"(0.606818182740779, 0.45180490536435225, 0.4498936758899621)",4,2,0.4142857142857143,0.4166666666666667,0.41258741258741255
18,3,"['XZ', 'Z']",linear,0.07292813980805968,"(0.33225785228526455, 0.27515517706837217, 0.36390878146759914)",3,2,0.5857142857142857,0.5833333333333334,0.5804195804195803
18,1,"['YZ', 'Z']",linear,0.07244382297413104,"(0.30555014715447615, 0.2223840098043222, 0.2841055184024303)",3,2,0.6875,0.6666666666666666,0.6571428571428571
42,1,"['ZY', 'Z']",linear,0.07244382297413104,"(0.30555014715447615, 0.2223840098043222, 0.2841055184024303)",3,2,0.6875,0.6666666666666666,0.6571428571428571
43,3,"['XX', 'XZ']",linear,0.07053383893493353,"(0.5815040385653961, 0.4421762587431523, 0.44391615679077556)",4,2,0.8333333333333334,0.75,0.7333333333333334
1,3,"['XX', 'ZX']",linear,0.07053383893493353,"(0.5815040385653961, 0.4421762587431523, 0.44391615679077556)",4,2,0.8333333333333334,0.75,0.7333333333333334
7,2,"['Y', 'ZZ']",linear,0.07049253251084442,"(0.4799550335442876, 0.3428071358433743, 0.3466443031641499)",3,2,0.8333333333333334,0.8333333333333334,0.8333333333333334
47,3,"['ZZ', 'XZ']",linear,0.0684005203462863,"(0.5827914476104561, 0.4269553597770468, 0.4079203126362101)",4,2,0.5857142857142857,0.5833333333333334,0.5804195804195803
51,3,"['ZZ', 'ZX']",linear,0.0684005203462863,"(0.5827914476104561, 0.4269553597770468, 0.4079203126362101)",4,2,0.5857142857142857,0.5833333333333334,0.5804195804195803
20,3,"['Y', 'YX']",linear,0.06772446650792324,"(0.33228131960724233, 0.25418158773856775, 0.3115307888857396)",3,2,0.5857142857142857,0.5833333333333334,0.5804195804195803
29,3,"['ZX', 'ZZ']",linear,0.06641726414371663,"(0.5656655547903253, 0.4176484232753912, 0.4024658200478903)",4,2,0.5857142857142857,0.5833333333333334,0.5804195804195803
27,3,"['XZ', 'ZZ']",linear,0.06641726414371663,"(0.5656655547903253, 0.4176484232753912, 0.4024658200478903)",4,2,0.5857142857142857,0.5833333333333334,0.5804195804195803
8,3,"['XY', 'XY']",linear,0.06394640958082909,"(0.551641622066656, 0.42557011044496396, 0.42739141798493013)",4,2,0.4142857142857143,0.4166666666666667,0.41258741258741255
40,3,"['ZY', 'ZY']",linear,0.06394640958082909,"(0.551641622066656, 0.42557011044496396, 0.42739141798493013)",4,2,0.4142857142857143,0.4166666666666667,0.41258741258741255
14,3,"['YZ', 'YZ']",linear,0.06394640958082909,"(0.551641622066656, 0.42557011044496396, 0.42739141798493013)",4,2,0.4142857142857143,0.4166666666666667,0.41258741258741255
34,3,"['YX', 'YX']",linear,0.06394640958082909,"(0.551641622066656, 0.42557011044496396, 0.42739141798493013)",4,2,0.4142857142857143,0.4166666666666667,0.41258741258741255
19,3,"['Y', 'XZ']",linear,0.06355024721524538,"(0.29808912907596113, 0.23369288204562672, 0.29639712944578306)",3,3,0.8333333333333334,0.75,0.7333333333333334
32,2,"['X', 'Z']",linear,0.06341247837517841,"(0.28605197259072523, 0.23449271663561597, 0.3097584174308635)",2,2,0.7571428571428571,0.75,0.7482517482517482
24,2,"['ZZ', 'X']",linear,0.06318598353426857,"(0.2973151533172758, 0.22924660323771612, 0.2875500202266935)",3,2,0.6111111111111112,0.5833333333333334,0.5555555555555555
22,3,"['Y', 'YZ']",linear,0.06304340980677053,"(0.3012139669270004, 0.24172618656524936, 0.30832522581703936)",3,2,0.5857142857142857,0.5833333333333334,0.5804195804195803
44,2,"['XZ', 'X']",linear,0.0622804395004867,"(0.2992374687184619, 0.22986376073756906, 0.2850509317576496)",3,2,0.6111111111111112,0.5833333333333334,0.5555555555555555
0,2,"['ZX', 'X']",linear,0.06083573242943921,"(0.3139409688271246, 0.23534827295266578, 0.2784270419370854)",3,2,0.5,0.5,0.48571428571428577
44,2,"['Y', 'Z']",linear,0.059111997468311195,"(0.33718422592939407, 0.29549706868665676, 0.37203390638054185)",2,2,0.6111111111111112,0.5833333333333334,0.5555555555555555
23,3,"['Y', 'ZX']",linear,0.05777434155658809,"(0.2997928111430743, 0.239311624487658, 0.2943791209454178)",3,3,0.5,0.5,0.5
8,3,"['YZ', 'Z']",linear,0.05776648877453128,"(0.3364488142191826, 0.30956701164491396, 0.39821818661970787)",3,2,0.6111111111111112,0.5833333333333334,0.5555555555555555
10,2,"['YX', 'X']",linear,0.057329467433436476,"(0.32541392409292463, 0.24344610391753452, 0.2761372186090173)",3,2,0.8333333333333334,0.75,0.7333333333333334
20,3,"['ZX', 'Z']",linear,0.0570616004737462,"(0.3353329872716746, 0.2853632539960822, 0.34951672166798226)",3,2,0.9285714285714285,0.9166666666666666,0.9160839160839161
41,1,"['YX', 'XX']",linear,0.056944875722364785,"(0.56734074970452, 0.47979544772905375, 0.506139897198317)",4,2,0.7571428571428571,0.75,0.7482517482517482
17,1,"['XY', 'XX']",linear,0.056944875722364785,"(0.56734074970452, 0.47979544772905375, 0.506139897198317)",4,2,0.7571428571428571,0.75,0.7482517482517482
29,1,"['XZ', 'XX']",linear,0.056944875722364785,"(0.56734074970452, 0.47979544772905375, 0.506139897198317)",4,2,0.7571428571428571,0.75,0.7482517482517482
31,1,"['ZX', 'XX']",linear,0.056944875722364785,"(0.56734074970452, 0.47979544772905375, 0.506139897198317)",4,2,0.7571428571428571,0.75,0.7482517482517482
6,3,"['X', 'XY']",linear,0.056810272832287595,"(0.310134810394581, 0.24657665956044791, 0.29663905439088994)",3,2,0.6111111111111112,0.5833333333333334,0.5555555555555555
34,2,"['X', 'XY']",linear,0.055638770117739045,"(0.35283106938727016, 0.2703160458325977, 0.29907856251340337)",3,2,0.9285714285714285,0.9166666666666666,0.9160839160839161
34,2,"['XY', 'Z']",linear,0.05512401660771016,"(0.30531334891502065, 0.23025283016942033, 0.2654403446392404)",3,3,0.8333333333333334,0.8333333333333334,0.8333333333333334
45,2,"['Y', 'XX']",linear,0.05446529009802631,"(0.3869646296239615, 0.2952680897981866, 0.31250213016846423)",3,2,0.6875,0.6666666666666666,0.6571428571428571
34,3,"['Z', 'YZ']",linear,0.05431859286897961,"(0.2962733213637836, 0.28905332401063066, 0.39047051239543695)",3,2,0.5,0.5,0.5
21,3,"['XZ', 'XZ']",linear,0.054147702885072535,"(0.26016698703711594, 0.23044922957590208, 0.3090268778848333)",4,2,0.4142857142857143,0.4166666666666667,0.41258741258741255
27,3,"['ZX', 'ZX']",linear,0.054147702885072535,"(0.26016698703711594, 0.23044922957590208, 0.3090268778848333)",4,2,0.4142857142857143,0.4166666666666667,0.41258741258741255
25,2,"['ZZ', 'Y']",linear,0.05287062050833663,"(0.3873063643448449, 0.2981674437047885, 0.31476976408140533)",3,2,0.5857142857142857,0.5833333333333334,0.5804195804195803
24,3,"['Y', 'ZY']",linear,0.05218786053180302,"(0.3103003811923925, 0.23962459418575172, 0.27332452824271697)",3,2,0.875,0.8333333333333334,0.8285714285714286
34,2,"['YZ', 'X']",linear,0.05172809784474677,"(0.28807518326204773, 0.22896294712293871, 0.2733069066733232)",3,3,0.8333333333333334,0.8333333333333334,0.8333333333333334
10,3,"['YZ', 'XY']",linear,0.051204617216215165,"(0.45816993225344915, 0.40432409148443377, 0.4528874851478487)",4,3,0.6666666666666666,0.6666666666666666,0.6666666666666666
12,3,"['XY', 'YZ']",linear,0.051204617216215165,"(0.45816993225344915, 0.40432409148443377, 0.4528874851478487)",4,3,0.6666666666666666,0.6666666666666666,0.6666666666666666
38,3,"['YX', 'ZY']",linear,0.051204617216215165,"(0.45816993225344915, 0.40432409148443377, 0.4528874851478487)",4,3,0.6666666666666666,0.6666666666666666,0.6666666666666666
36,3,"['ZY', 'YX']",linear,0.051204617216215165,"(0.45816993225344915, 0.40432409148443377, 0.4528874851478487)",4,3,0.6666666666666666,0.6666666666666666,0.6666666666666666
30,3,"['ZY', 'X']",linear,0.04960169862770747,"(0.30823720040423364, 0.2523368581620891, 0.29563991317535954)",3,3,0.5857142857142857,0.5833333333333334,0.5804195804195803
7,2,"['XZ', 'ZX']",linear,0.04883894626505586,"(0.38263961340100267, 0.35520108488597785, 0.42544044890106475)",4,2,0.5,0.5,0.48571428571428577
16,2,"['YX', 'YX']",linear,0.04883894626505586,"(0.38263961340100267, 0.35520108488597785, 0.42544044890106475)",4,2,0.5,0.5,0.48571428571428577
36,2,"['XY', 'XY']",linear,0.04883894626505586,"(0.38263961340100267, 0.35520108488597785, 0.42544044890106475)",4,2,0.5,0.5,0.48571428571428577
3,2,"['XZ', 'XZ']",linear,0.04883894626505586,"(0.38263961340100267, 0.35520108488597785, 0.42544044890106475)",4,2,0.5,0.5,0.48571428571428577
22,2,"['ZY', 'ZY']",linear,0.04883894626505586,"(0.38263961340100267, 0.35520108488597785, 0.42544044890106475)",4,2,0.5,0.5,0.48571428571428577
9,2,"['ZX', 'ZX']",linear,0.04883894626505586,"(0.38263961340100267, 0.35520108488597785, 0.42544044890106475)",4,2,0.5,0.5,0.48571428571428577
5,2,"['ZX', 'XZ']",linear,0.04883894626505586,"(0.38263961340100267, 0.35520108488597785, 0.42544044890106475)",4,2,0.5,0.5,0.48571428571428577
42,2,"['YZ', 'YZ']",linear,0.04883894626505586,"(0.38263961340100267, 0.35520108488597785, 0.42544044890106475)",4,2,0.5,0.5,0.48571428571428577
33,2,"['ZZ', 'ZX']",linear,0.04775413046710231,"(0.4244599684454877, 0.39458528434222667, 0.46021886117317024)",4,2,0.5,0.5,0.5
29,2,"['ZZ', 'XZ']",linear,0.04775413046710231,"(0.4244599684454877, 0.39458528434222667, 0.46021886117317024)",4,2,0.5,0.5,0.5
6,2,"['Y', 'ZY']",linear,0.04746545986720796,"(0.32148361824258337, 0.33885062294779544, 0.4511485473874234)",3,2,0.5,0.5,0.48571428571428577
33,2,"['XY', 'Y']",linear,0.04746545986720796,"(0.32148361824258337, 0.33885062294779544, 0.4511485473874234)",3,2,0.5,0.5,0.48571428571428577
40,3,"['XX', 'Z']",linear,0.04721528040958334,"(0.3184615752749652, 0.28719175707775313, 0.3503524996997078)",3,2,0.8333333333333334,0.75,0.7333333333333334
43,3,"['ZZ', 'Y']",linear,0.04711423905895415,"(0.2849251711154013, 0.24984616036336074, 0.30899562772922845)",3,2,0.6875,0.6666666666666666,0.6571428571428571
7,3,"['XY', 'XX']",linear,0.04650487227726341,"(0.3689295683002538, 0.3814815510432475, 0.487043278340768)",4,2,0.6875,0.6666666666666666,0.6571428571428571
31,3,"['YX', 'XX']",linear,0.04650487227726341,"(0.3689295683002538, 0.3814815510432475, 0.487043278340768)",4,2,0.6875,0.6666666666666666,0.6571428571428571
16,2,"['Z', 'YZ']",linear,0.04622028189467986,"(0.32605329898411056, 0.25701171720781146, 0.28041069922087203)",3,2,0.5,0.5,0.4375
44,3,"['YY', 'XY']",linear,0.04620692782286984,"(0.4301847578206986, 0.4437061600255079, 0.5496414178760569)",4,2,0.6666666666666666,0.6666666666666666,0.6666666666666666
0,3,"['YY', 'YX']",linear,0.04620692782286984,"(0.4301847578206986, 0.4437061600255079, 0.5496414178760569)",4,2,0.6666666666666666,0.6666666666666666,0.6666666666666666
39,3,"['ZY', 'ZX']",linear,0.044631702064573675,"(0.3356288314370727, 0.3403606397481119, 0.4343558521882984)",4,3,0.7571428571428571,0.75,0.7482517482517482
11,3,"['YZ', 'XZ']",linear,0.044631702064573675,"(0.3356288314370727, 0.3403606397481119, 0.4343558521882984)",4,3,0.7571428571428571,0.75,0.7482517482517482
16,1,"['YZ', 'X']",linear,0.044273203950283446,"(0.49883797016441606, 0.44716175253216406, 0.48403194280047895)",3,3,0.6875,0.6666666666666666,0.6571428571428571
6,1,"['ZZ', 'X']",linear,0.044273203950283446,"(0.49883797016441606, 0.44716175253216406, 0.48403194280047895)",3,2,0.6875,0.6666666666666666,0.6571428571428571
40,1,"['ZY', 'X']",linear,0.044273203950283446,"(0.49883797016441606, 0.44716175253216406, 0.48403194280047895)",3,3,0.6875,0.6666666666666666,0.6571428571428571
4,1,"['YY', 'X']",linear,0.044273203950283446,"(0.49883797016441606, 0.44716175253216406, 0.48403194280047895)",3,2,0.6875,0.6666666666666666,0.6571428571428571
10,3,"['XY', 'YX']",linear,0.04415489514801019,"(0.39239847134795325, 0.4004460905578783, 0.49680350006382373)",4,2,0.7571428571428571,0.75,0.7482517482517482
32,3,"['YX', 'XY']",linear,0.04415489514801019,"(0.39239847134795325, 0.4004460905578783, 0.49680350006382373)",4,2,0.7571428571428571,0.75,0.7482517482517482
11,2,"['YX', 'Y']",linear,0.04399375823774776,"(0.4183381347962005, 0.35649129890469466, 0.3826319794886844)",3,2,0.875,0.8333333333333334,0.8285714285714286
4,2,"['Y', 'YZ']",linear,0.04399375823774776,"(0.4183381347962005, 0.35649129890469466, 0.3826319794886844)",3,2,0.875,0.8333333333333334,0.8285714285714286
6,3,"['XY', 'Z']",linear,0.043744793493121714,"(0.29147556692336896, 0.2538455848345777, 0.3037051897320299)",3,3,0.6111111111111112,0.5833333333333334,0.5555555555555555
29,2,"['YY', 'YY']",linear,0.04366264800048203,"(0.4976056995310829, 0.46408416795367025, 0.5178879323772217)",4,1,0.4142857142857143,0.4166666666666667,0.41258741258741255
53,3,"['ZZ', 'ZZ']",linear,0.04366264800048203,"(0.4976056995310829, 0.46408416795367025, 0.5178879323772217)",4,1,0.4142857142857143,0.4166666666666667,0.41258741258741255
30,3,"['YX', 'Z']",linear,0.043147363230181146,"(0.3047212208949263, 0.26827224442648395, 0.3181179944184038)",3,3,0.4142857142857143,0.4166666666666667,0.41258741258741255
1,2,"['ZX', 'Y']",linear,0.04289352241376582,"(0.37377970583290915, 0.29636533231982115, 0.30473800363426473)",3,3,0.8333333333333334,0.75,0.7333333333333334
0,3,"['XX', 'YZ']",linear,0.04288855175423334,"(0.28795940863179736, 0.23726113234127355, 0.27233995955921636)",4,3,0.6666666666666666,0.6666666666666666,0.6666666666666666
9,3,"['YZ', 'XX']",linear,0.04288855175423334,"(0.28795940863179736, 0.23726113234127355, 0.27233995955921636)",4,3,0.6666666666666666,0.6666666666666666,0.6666666666666666
2,3,"['XX', 'ZY']",linear,0.04288855175423334,"(0.28795940863179736, 0.23726113234127355, 0.27233995955921636)",4,3,0.6666666666666666,0.6666666666666666,0.6666666666666666
33,3,"['ZY', 'XX']",linear,0.04288855175423334,"(0.28795940863179736, 0.23726113234127355, 0.27233995955921636)",4,3,0.6666666666666666,0.6666666666666666,0.6666666666666666
24,3,"['XZ', 'YZ']",linear,0.04252732766758238,"(0.3436521955212877, 0.35565249558933054, 0.4527074509925381)",4,3,0.5857142857142857,0.5833333333333334,0.5804195804195803
28,3,"['ZX', 'ZY']",linear,0.04252732766758238,"(0.3436521955212877, 0.35565249558933054, 0.4527074509925381)",4,3,0.5857142857142857,0.5833333333333334,0.5804195804195803
2,2,"['Y', 'YX']",linear,0.042169104770544086,"(0.4304956623373073, 0.35440668987761875, 0.36265592695901844)",3,2,0.875,0.8333333333333334,0.8285714285714286
35,2,"['YZ', 'Y']",linear,0.042169104770544086,"(0.4304956623373073, 0.35440668987761875, 0.36265592695901844)",3,2,0.875,0.8333333333333334,0.8285714285714286
38,2,"['YZ', 'XY']",linear,0.04189286295029643,"(0.4767343621251213, 0.3833675283530314, 0.37378642048153427)",4,3,0.7571428571428571,0.75,0.7482517482517482
18,2,"['ZY', 'YX']",linear,0.04189286295029643,"(0.4767343621251213, 0.3833675283530314, 0.37378642048153427)",4,3,0.7571428571428571,0.75,0.7482517482517482
20,2,"['YX', 'ZY']",linear,0.04189286295029643,"(0.4767343621251213, 0.3833675283530314, 0.37378642048153427)",4,3,0.7571428571428571,0.75,0.7482517482517482
40,2,"['XY', 'YZ']",linear,0.04189286295029643,"(0.4767343621251213, 0.3833675283530314, 0.37378642048153427)",4,3,0.7571428571428571,0.75,0.7482517482517482
41,2,"['X', 'ZZ']",linear,0.04169937901250373,"(0.2798275199819275, 0.24096522515238325, 0.28550168834784645)",3,2,0.8333333333333334,0.75,0.7333333333333334
4,3,"['XY', 'X']",linear,0.041606184384511746,"(0.3220759734839571, 0.26066052731006845, 0.28245744990520333)",3,2,0.6111111111111112,0.5833333333333334,0.5555555555555555
36,2,"['YZ', 'Z']",linear,0.0413889286333855,"(0.3196066197004155, 0.25344856066598365, 0.2700683588983228)",3,2,0.4142857142857143,0.4166666666666667,0.41258741258741255
19,3,"['ZX', 'Y']",linear,0.04119322516576848,"(0.30152201952012403, 0.24913567807190531, 0.2791357869552235)",3,3,0.7571428571428571,0.75,0.7482517482517482
18,3,"['ZX', 'X']",linear,0.04103284109314753,"(0.34398459709700724, 0.27624808263914896, 0.29057725036758575)",3,2,0.5,0.5,0.48571428571428577
4,3,"['YY', 'ZY']",linear,0.04090217596615575,"(0.3504742404193514, 0.31635557102484557, 0.3640412535626513)",4,2,0.6666666666666666,0.6666666666666666,0.6666666666666666
2,3,"['YY', 'YZ']",linear,0.04090217596615575,"(0.3504742404193514, 0.31635557102484557, 0.3640412535626513)",4,2,0.6666666666666666,0.6666666666666666,0.6666666666666666
36,3,"['Z', 'ZY']",linear,0.040870282954444725,"(0.38649355650196804, 0.32711638538744636, 0.34947978018181414)",3,2,0.6875,0.6666666666666666,0.6571428571428571
21,2,"['XX', 'Y']",linear,0.04066003642907695,"(0.46111698420722075, 0.3549847015165008, 0.3301724916839348)",3,2,0.6875,0.6666666666666666,0.6571428571428571
17,2,"['Z', 'ZX']",linear,0.04063455806749999,"(0.2762440242622688, 0.2348670963407336, 0.2747592845541984)",3,2,0.5,0.5,0.48571428571428577
43,2,"['YZ', 'ZX']",linear,0.04039119494747012,"(0.4356326024530721, 0.37414323943802397, 0.393436266317916)",4,3,0.7571428571428571,0.75,0.7482517482517482
17,2,"['ZY', 'XZ']",linear,0.04039119494747012,"(0.4356326024530721, 0.37414323943802397, 0.393436266317916)",4,3,0.7571428571428571,0.75,0.7482517482517482
8,2,"['XZ', 'ZY']",linear,0.04039119494747012,"(0.4356326024530721, 0.37414323943802397, 0.393436266317916)",4,3,0.7571428571428571,0.75,0.7482517482517482
8,2,"['ZX', 'YZ']",linear,0.04039119494747012,"(0.4356326024530721, 0.37414323943802397, 0.393436266317916)",4,3,0.7571428571428571,0.75,0.7482517482517482
12,3,"['X', 'ZY']",linear,0.04023660478901003,"(0.29060313195868065, 0.25067659308468493, 0.2912232637887092)",3,3,0.7571428571428571,0.75,0.7482517482517482
35,3,"['YX', 'YY']",linear,0.040123827018740454,"(0.4501983903883748, 0.4636597625187799, 0.557368788686666)",4,2,0.6875,0.6666666666666666,0.6571428571428571
11,3,"['XY', 'YY']",linear,0.040123827018740454,"(0.4501983903883748, 0.4636597625187799, 0.557368788686666)",4,2,0.6875,0.6666666666666666,0.6571428571428571
16,3,"['XZ', 'X']",linear,0.03995077437097616,"(0.30218604715076136, 0.25852826295660086, 0.2947720275043927)",3,2,0.5,0.5,0.48571428571428577
33,3,"['Z', 'YY']",linear,0.03951153494762527,"(0.29545656517382923, 0.27102268476098323, 0.32561187424338783)",3,2,0.5,0.5,0.48571428571428577
13,3,"['YZ', 'YY']",linear,0.03945853205614014,"(0.35925259408227034, 0.3243585432820879, 0.36838155659418576)",4,2,0.6666666666666666,0.6666666666666666,0.6666666666666666
37,3,"['ZY', 'YY']",linear,0.03945853205614014,"(0.35925259408227034, 0.3243585432820879, 0.36838155659418576)",4,2,0.6666666666666666,0.6666666666666666,0.6666666666666666
30,2,"['X', 'X']",linear,0.038981391572063734,"(0.28022225782497145, 0.24446535985924486, 0.2866712450376458)",2,1,0.6666666666666666,0.6666666666666666,0.6666666666666666
38,1,"['Z', 'Z']",linear,0.038981391572063734,"(0.28022225782497145, 0.24446535985924486, 0.2866712450376458)",2,1,0.6666666666666666,0.6666666666666666,0.6666666666666666
25,1,"['Y', 'Y']",linear,0.038981391572063734,"(0.28022225782497145, 0.24446535985924486, 0.2866712450376458)",2,1,0.6666666666666666,0.6666666666666666,0.6666666666666666
15,3,"['Y', 'Y']",linear,0.038981391572063734,"(0.28022225782497145, 0.24446535985924486, 0.2866712450376458)",2,1,0.6666666666666666,0.6666666666666666,0.6666666666666666
25,3,"['ZX', 'YY']",linear,0.03884189028166338,"(0.26492851831455927, 0.230789953593068, 0.27433516943490344)",4,3,0.5,0.5,0.4375
45,3,"['YY', 'XZ']",linear,0.03884189028166338,"(0.26492851831455927, 0.230789953593068, 0.27433516943490344)",4,3,0.5,0.5,0.4375
23,3,"['XZ', 'YY']",linear,0.03884189028166338,"(0.26492851831455927, 0.230789953593068, 0.27433516943490344)",4,3,0.5,0.5,0.4375
3,3,"['YY', 'ZX']",linear,0.03884189028166338,"(0.26492851831455927, 0.230789953593068, 0.27433516943490344)",4,3,0.5,0.5,0.4375
45,2,"['XZ', 'Y']",linear,0.038714954456422535,"(0.35291309497324286, 0.29628799130412314, 0.31709279654784844)",3,3,0.5,0.5,0.5
32,2,"['XY', 'X']",linear,0.03844547696850947,"(0.3353394034107579, 0.26166391323556926, 0.26487937699739955)",3,2,0.3125,0.3333333333333333,0.3142857142857143
22,3,"['ZX', 'XY']",linear,0.03828937171722463,"(0.39185035314626987, 0.32103267842341715, 0.32679374713501375)",4,3,0.5,0.5,0.5
22,3,"['XZ', 'YX']",linear,0.03828937171722463,"(0.39185035314626987, 0.32103267842341715, 0.32679374713501375)",4,3,0.5,0.5,0.5
33,3,"['YX', 'XZ']",linear,0.03828937171722463,"(0.39185035314626987, 0.32103267842341715, 0.32679374713501375)",4,3,0.5,0.5,0.5
13,3,"['XY', 'ZX']",linear,0.03828937171722463,"(0.39185035314626987, 0.32103267842341715, 0.32679374713501375)",4,3,0.5,0.5,0.5
45,3,"['XX', 'YY']",linear,0.03808382353566575,"(0.49661241726306593, 0.477675160232234, 0.5349055502727337)",4,2,0.5857142857142857,0.5833333333333334,0.5804195804195803
37,1,"['ZX', 'ZX']",linear,0.03808382353566575,"(0.49661241726306593, 0.477675160232234, 0.5349055502727337)",4,2,0.5857142857142857,0.5833333333333334,0.5804195804195803
25,2,['YY'],linear,0.03808382353566575,"(0.49661241726306593, 0.477675160232234, 0.5349055502727337)",2,1,0.5857142857142857,0.5833333333333334,0.5804195804195803
27,2,"['ZZ', 'XX']",linear,0.03808382353566575,"(0.49661241726306593, 0.477675160232234, 0.5349055502727337)",4,2,0.5857142857142857,0.5833333333333334,0.5804195804195803
44,1,"['YX', 'YX']",linear,0.03808382353566575,"(0.49661241726306593, 0.477675160232234, 0.5349055502727337)",4,2,0.5857142857142857,0.5833333333333334,0.5804195804195803
41,3,"['XX', 'XX']",linear,0.03808382353566575,"(0.49661241726306593, 0.477675160232234, 0.5349055502727337)",4,1,0.5857142857142857,0.5833333333333334,0.5804195804195803
23,2,"['XX', 'XX']",linear,0.03808382353566575,"(0.49661241726306593, 0.477675160232234, 0.5349055502727337)",4,1,0.5857142857142857,0.5833333333333334,0.5804195804195803
24,1,"['YZ', 'YZ']",linear,0.03808382353566575,"(0.49661241726306593, 0.477675160232234, 0.5349055502727337)",4,2,0.5857142857142857,0.5833333333333334,0.5804195804195803
2,1,"['ZY', 'YZ']",linear,0.03808382353566575,"(0.49661241726306593, 0.477675160232234, 0.5349055502727337)",4,2,0.5857142857142857,0.5833333333333334,0.5804195804195803
4,1,"['ZY', 'ZY']",linear,0.03808382353566575,"(0.49661241726306593, 0.477675160232234, 0.5349055502727337)",4,2,0.5857142857142857,0.5833333333333334,0.5804195804195803
3,2,"['Y', 'YY']",linear,0.03808382353566575,"(0.49661241726306593, 0.477675160232234, 0.5349055502727337)",3,1,0.5857142857142857,0.5833333333333334,0.5804195804195803
1,3,['ZZ'],linear,0.03808382353566575,"(0.49661241726306593, 0.477675160232234, 0.5349055502727337)",2,1,0.5857142857142857,0.5833333333333334,0.5804195804195803
31,2,"['XX', 'ZZ']",linear,0.03808382353566575,"(0.49661241726306593, 0.477675160232234, 0.5349055502727337)",4,2,0.5857142857142857,0.5833333333333334,0.5804195804195803
18,1,"['XY', 'XY']",linear,0.03808382353566575,"(0.49661241726306593, 0.477675160232234, 0.5349055502727337)",4,2,0.5857142857142857,0.5833333333333334,0.5804195804195803
35,2,"['ZZ', 'ZZ']",linear,0.03808382353566575,"(0.49661241726306593, 0.477675160232234, 0.5349055502727337)",4,1,0.5857142857142857,0.5833333333333334,0.5804195804195803
26,1,"['YZ', 'ZY']",linear,0.03808382353566575,"(0.49661241726306593, 0.477675160232234, 0.5349055502727337)",4,2,0.5857142857142857,0.5833333333333334,0.5804195804195803
11,1,"['YY', 'YY']",linear,0.03808382353566575,"(0.49661241726306593, 0.477675160232234, 0.5349055502727337)",4,1,0.5857142857142857,0.5833333333333334,0.5804195804195803
31,1,"['XZ', 'XZ']",linear,0.03808382353566575,"(0.49661241726306593, 0.477675160232234, 0.5349055502727337)",4,2,0.5857142857142857,0.5833333333333334,0.5804195804195803
43,3,"['YY', 'XX']",linear,0.03808382353566575,"(0.49661241726306593, 0.477675160232234, 0.5349055502727337)",4,2,0.5857142857142857,0.5833333333333334,0.5804195804195803
17,1,"['ZZ', 'ZZ']",linear,0.03808382353566575,"(0.49661241726306593, 0.477675160232234, 0.5349055502727337)",4,1,0.5857142857142857,0.5833333333333334,0.5804195804195803
23,2,"['YY', 'Y']",linear,0.03808382353566575,"(0.49661241726306593, 0.477675160232234, 0.5349055502727337)",3,1,0.5857142857142857,0.5833333333333334,0.5804195804195803
39,2,"['YZ', 'XZ']",linear,0.03807067870219033,"(0.37955159137780786, 0.34260815305428444, 0.3818060721351416)",4,3,0.5857142857142857,0.5833333333333334,0.5804195804195803
21,2,"['ZY', 'ZX']",linear,0.03807067870219033,"(0.37955159137780786, 0.34260815305428444, 0.3818060721351416)",4,3,0.5857142857142857,0.5833333333333334,0.5804195804195803
11,3,"['X', 'ZX']",linear,0.03806451640610542,"(0.2989479253607425, 0.26138378401553286, 0.29994867548253407)",3,2,0.22727272727272727,0.4166666666666667,0.29411764705882354
26,2,"['YY', 'XY']",linear,0.037915407570683124,"(0.336277444542944, 0.3141611239112464, 0.3678756184209151)",4,2,0.9285714285714285,0.9166666666666666,0.9160839160839161
28,2,"['YY', 'YX']",linear,0.037915407570683124,"(0.336277444542944, 0.3141611239112464, 0.3678756184209151)",4,2,0.9285714285714285,0.9166666666666666,0.9160839160839161
45,3,['ZX'],linear,0.03773202458549485,"(0.27021702261874303, 0.23886982004369306, 0.2829866666396328)",2,2,0.8333333333333334,0.8333333333333334,0.8333333333333334
41,3,['XZ'],linear,0.03773202458549485,"(0.27021702261874303, 0.23886982004369306, 0.2829866666396328)",2,2,0.8333333333333334,0.8333333333333334,0.8333333333333334
2,2,"['XZ', 'XY']",linear,0.03763986389058105,"(0.4045716433432211, 0.36048849072042066, 0.39168506587878227)",4,3,0.7571428571428571,0.75,0.7482517482517482
6,2,"['ZX', 'YX']",linear,0.03763986389058105,"(0.4045716433432211, 0.36048849072042066, 0.39168506587878227)",4,3,0.7571428571428571,0.75,0.7482517482517482
13,2,"['ZY', 'Y']",linear,0.03722746965280915,"(0.39284593792448724, 0.3269342189711301, 0.3354774393233913)",3,2,0.5857142857142857,0.5833333333333334,0.5804195804195803
0,2,"['Y', 'XY']",linear,0.03722746965280915,"(0.39284593792448724, 0.3269342189711301, 0.3354774393233913)",3,2,0.5857142857142857,0.5833333333333334,0.5804195804195803
40,3,"['YY', 'X']",linear,0.03717902963514391,"(0.2986493968845065, 0.2750288430439764, 0.3257663484737341)",3,2,0.5857142857142857,0.5833333333333334,0.5804195804195803
12,2,"['ZY', 'X']",linear,0.03675122054496341,"(0.2916927122894399, 0.23726159100246166, 0.2563329108054103)",3,3,0.25,0.5,0.3333333333333333
50,3,"['ZZ', 'YZ']",linear,0.036697802076521624,"(0.3301789048533696, 0.3017440336581575, 0.3467047666159887)",4,2,0.7571428571428571,0.75,0.7482517482517482
52,3,"['ZZ', 'ZY']",linear,0.036697802076521624,"(0.3301789048533696, 0.3017440336581575, 0.3467047666159887)",4,2,0.7571428571428571,0.75,0.7482517482517482
5,3,"['XY', 'Y']",linear,0.036235997183169666,"(0.30722192185681824, 0.24833474214878887, 0.2619195568070988)",3,2,0.6875,0.6666666666666666,0.6571428571428571
14,2,"['ZY', 'Z']",linear,0.03571586858680284,"(0.27754083458352696, 0.23938304871319113, 0.272657000016461)",3,2,0.5857142857142857,0.5833333333333334,0.5804195804195803
41,2,"['YZ', 'YY']",linear,0.03569223611040834,"(0.3519309730885666, 0.33045043194851953, 0.38035436302928916)",4,2,0.7571428571428571,0.75,0.7482517482517482
19,2,"['ZY', 'YY']",linear,0.03569223611040834,"(0.3519309730885666, 0.33045043194851953, 0.38035436302928916)",4,2,0.7571428571428571,0.75,0.7482517482517482
16,3,"['Y', 'Z']",linear,0.0355393071647202,"(0.29478529441598705, 0.26442570144026945, 0.30514472279399224)",2,2,0.7571428571428571,0.75,0.7482517482517482
7,3,"['X', 'XZ']",linear,0.03535134803144774,"(0.2876249746302387, 0.2546181877983768, 0.29231409702941036)",3,2,0.38888888888888884,0.4166666666666667,0.37777777777777777
13,2,"['Z', 'XZ']",linear,0.03490405848768002,"(0.3029048932250885, 0.2485782826245692, 0.26405978899940996)",3,2,0.7571428571428571,0.75,0.7482517482517482
39,3,"['XX', 'Y']",linear,0.03483448806523387,"(0.2929335024345758, 0.26685041024250694, 0.31043629418090585)",3,2,0.6875,0.6666666666666666,0.6571428571428571
1,2,"['Y', 'XZ']",linear,0.034803937948265085,"(0.35885690378134005, 0.2991594292114914, 0.3090698305381729)",3,3,0.6875,0.6666666666666666,0.6571428571428571
23,2,"['ZY', 'ZZ']",linear,0.03471741311139864,"(0.37584336333163854, 0.3467405662073946, 0.3870725953059479)",4,2,0.7571428571428571,0.75,0.7482517482517482
45,2,"['YZ', 'ZZ']",linear,0.03471741311139864,"(0.37584336333163854, 0.3467405662073946, 0.3870725953059479)",4,2,0.7571428571428571,0.75,0.7482517482517482
9,3,"['X', 'YY']",linear,0.034454217622818084,"(0.29234185397679074, 0.2740535584648206, 0.32467369819848657)",3,2,0.5,0.5,0.5
41,3,"['ZY', 'ZZ']",linear,0.03419793629726875,"(0.32558091282025425, 0.3024261028116021, 0.34766716539748743)",4,2,0.8333333333333334,0.8333333333333334,0.8333333333333334
17,3,"['YZ', 'ZZ']",linear,0.03419793629726875,"(0.32558091282025425, 0.3024261028116021, 0.34766716539748743)",4,2,0.8333333333333334,0.8333333333333334,0.8333333333333334
15,3,"['YZ', 'ZX']",linear,0.033734702466737876,"(0.3462727867247805, 0.3294533188104652, 0.38010325582962556)",4,3,0.6666666666666666,0.6666666666666666,0.6666666666666666
26,3,"['XZ', 'ZY']",linear,0.033734702466737876,"(0.3462727867247805, 0.3294533188104652, 0.38010325582962556)",4,3,0.6666666666666666,0.6666666666666666,0.6666666666666666
35,3,"['ZY', 'XZ']",linear,0.033734702466737876,"(0.3462727867247805, 0.3294533188104652, 0.38010325582962556)",4,3,0.6666666666666666,0.6666666666666666,0.6666666666666666
26,3,"['ZX', 'YZ']",linear,0.033734702466737876,"(0.3462727867247805, 0.3294533188104652, 0.38010325582962556)",4,3,0.6666666666666666,0.6666666666666666,0.6666666666666666
17,3,"['Y', 'XX']",linear,0.03370807311165408,"(0.3045608044019915, 0.27052113789558324, 0.3038976176124831)",3,2,0.6666666666666666,0.6666666666666666,0.6666666666666666
5,2,"['Y', 'ZX']",linear,0.03370570782407284,"(0.3666679272593074, 0.2988336663642967, 0.2984108211174317)",3,3,0.8333333333333334,0.75,0.7333333333333334
17,3,"['XZ', 'Y']",linear,0.03336158186961985,"(0.28431020189508033, 0.25025940494468696, 0.28293177173353334)",3,3,0.5857142857142857,0.5833333333333334,0.5804195804195803
2,2,"['ZX', 'Z']",linear,0.03318319183467805,"(0.2834605708984823, 0.24732002188581614, 0.2775458565425061)",3,2,0.5,0.5,0.48571428571428577
12,3,"['YZ', 'YX']",linear,0.03252063058936455,"(0.3827462457100177, 0.35575186186959246, 0.3937987392078963)",4,3,0.7571428571428571,0.75,0.7482517482517482
15,1,"['ZZ', 'ZX']",linear,0.03252063058936455,"(0.3827462457100177, 0.35575186186959246, 0.3937987392078963)",4,2,0.7571428571428571,0.75,0.7482517482517482
12,1,"['ZZ', 'YX']",linear,0.03252063058936455,"(0.3827462457100177, 0.35575186186959246, 0.3937987392078963)",4,3,0.7571428571428571,0.75,0.7482517482517482
33,1,"['ZX', 'XZ']",linear,0.03252063058936455,"(0.3827462457100177, 0.35575186186959246, 0.3937987392078963)",4,2,0.7571428571428571,0.75,0.7482517482517482
11,1,"['ZZ', 'XZ']",linear,0.03252063058936455,"(0.3827462457100177, 0.35575186186959246, 0.3937987392078963)",4,2,0.7571428571428571,0.75,0.7482517482517482
10,1,"['ZZ', 'XY']",linear,0.03252063058936455,"(0.3827462457100177, 0.35575186186959246, 0.3937987392078963)",4,3,0.7571428571428571,0.75,0.7482517482517482
32,1,"['ZX', 'XY']",linear,0.03252063058936455,"(0.3827462457100177, 0.35575186186959246, 0.3937987392078963)",4,3,0.7571428571428571,0.75,0.7482517482517482
34,3,"['ZY', 'XY']",linear,0.03252063058936455,"(0.3827462457100177, 0.35575186186959246, 0.3937987392078963)",4,3,0.7571428571428571,0.75,0.7482517482517482
35,1,"['ZX', 'YY']",linear,0.03252063058936455,"(0.3827462457100177, 0.35575186186959246, 0.3937987392078963)",4,3,0.7571428571428571,0.75,0.7482517482517482
36,1,"['ZX', 'YZ']",linear,0.03252063058936455,"(0.3827462457100177, 0.35575186186959246, 0.3937987392078963)",4,3,0.7571428571428571,0.75,0.7482517482517482
3,1,"['ZY', 'ZX']",linear,0.03252063058936455,"(0.3827462457100177, 0.35575186186959246, 0.3937987392078963)",4,3,0.7571428571428571,0.75,0.7482517482517482
44,1,"['ZY', 'XY']",linear,0.03252063058936455,"(0.3827462457100177, 0.35575186186959246, 0.3937987392078963)",4,3,0.7571428571428571,0.75,0.7482517482517482
0,1,"['ZY', 'YX']",linear,0.03252063058936455,"(0.3827462457100177, 0.35575186186959246, 0.3937987392078963)",4,3,0.7571428571428571,0.75,0.7482517482517482
45,1,"['ZY', 'XZ']",linear,0.03252063058936455,"(0.3827462457100177, 0.35575186186959246, 0.3937987392078963)",4,3,0.7571428571428571,0.75,0.7482517482517482
25,1,"['YZ', 'ZX']",linear,0.03252063058936455,"(0.3827462457100177, 0.35575186186959246, 0.3937987392078963)",4,3,0.7571428571428571,0.75,0.7482517482517482
39,1,"['ZX', 'ZZ']",linear,0.03252063058936455,"(0.3827462457100177, 0.35575186186959246, 0.3937987392078963)",4,2,0.7571428571428571,0.75,0.7482517482517482
38,1,"['ZX', 'ZY']",linear,0.03252063058936455,"(0.3827462457100177, 0.35575186186959246, 0.3937987392078963)",4,3,0.7571428571428571,0.75,0.7482517482517482
36,3,"['YX', 'YZ']",linear,0.03252063058936455,"(0.3827462457100177, 0.35575186186959246, 0.3937987392078963)",4,3,0.7571428571428571,0.75,0.7482517482517482
32,1,"['XZ', 'YX']",linear,0.03252063058936455,"(0.3827462457100177, 0.35575186186959246, 0.3937987392078963)",4,3,0.7571428571428571,0.75,0.7482517482517482
33,1,"['XZ', 'YY']",linear,0.03252063058936455,"(0.3827462457100177, 0.35575186186959246, 0.3937987392078963)",4,3,0.7571428571428571,0.75,0.7482517482517482
34,1,"['XZ', 'YZ']",linear,0.03252063058936455,"(0.3827462457100177, 0.35575186186959246, 0.3937987392078963)",4,3,0.7571428571428571,0.75,0.7482517482517482
27,2,['ZX'],linear,0.03252063058936455,"(0.3827462457100177, 0.35575186186959246, 0.3937987392078963)",2,2,0.7571428571428571,0.75,0.7482517482517482
8,1,"['YY', 'XY']",linear,0.03252063058936455,"(0.3827462457100177, 0.35575186186959246, 0.3937987392078963)",4,2,0.7571428571428571,0.75,0.7482517482517482
45,1,"['YX', 'YY']",linear,0.03252063058936455,"(0.3827462457100177, 0.35575186186959246, 0.3937987392078963)",4,2,0.7571428571428571,0.75,0.7482517482517482
26,2,['YZ'],linear,0.03252063058936455,"(0.3827462457100177, 0.35575186186959246, 0.3937987392078963)",2,2,0.7571428571428571,0.75,0.7482517482517482
3,1,"['YX', 'ZZ']",linear,0.03252063058936455,"(0.3827462457100177, 0.35575186186959246, 0.3937987392078963)",4,3,0.7571428571428571,0.75,0.7482517482517482
35,1,"['XZ', 'ZX']",linear,0.03252063058936455,"(0.3827462457100177, 0.35575186186959246, 0.3937987392078963)",4,2,0.7571428571428571,0.75,0.7482517482517482
2,1,"['YX', 'ZY']",linear,0.03252063058936455,"(0.3827462457100177, 0.35575186186959246, 0.3937987392078963)",4,3,0.7571428571428571,0.75,0.7482517482517482
0,1,"['YX', 'YZ']",linear,0.03252063058936455,"(0.3827462457100177, 0.35575186186959246, 0.3937987392078963)",4,3,0.7571428571428571,0.75,0.7482517482517482
36,1,"['XZ', 'ZY']",linear,0.03252063058936455,"(0.3827462457100177, 0.35575186186959246, 0.3937987392078963)",4,3,0.7571428571428571,0.75,0.7482517482517482
37,1,"['XZ', 'ZZ']",linear,0.03252063058936455,"(0.3827462457100177, 0.35575186186959246, 0.3937987392078963)",4,2,0.7571428571428571,0.75,0.7482517482517482
14,3,"['XY', 'ZY']",linear,0.03252063058936455,"(0.3827462457100177, 0.35575186186959246, 0.3937987392078963)",4,3,0.7571428571428571,0.75,0.7482517482517482
43,1,"['YX', 'XZ']",linear,0.03252063058936455,"(0.3827462457100177, 0.35575186186959246, 0.3937987392078963)",4,3,0.7571428571428571,0.75,0.7482517482517482
23,2,['XZ'],linear,0.03252063058936455,"(0.3827462457100177, 0.35575186186959246, 0.3937987392078963)",2,2,0.7571428571428571,0.75,0.7482517482517482
22,2,['XY'],linear,0.03252063058936455,"(0.3827462457100177, 0.35575186186959246, 0.3937987392078963)",2,2,0.7571428571428571,0.75,0.7482517482517482
9,1,"['YY', 'XZ']",linear,0.03252063058936455,"(0.3827462457100177, 0.35575186186959246, 0.3937987392078963)",4,3,0.7571428571428571,0.75,0.7482517482517482
42,1,"['YX', 'XY']",linear,0.03252063058936455,"(0.3827462457100177, 0.35575186186959246, 0.3937987392078963)",4,2,0.7571428571428571,0.75,0.7482517482517482
25,1,"['XY', 'ZZ']",linear,0.03252063058936455,"(0.3827462457100177, 0.35575186186959246, 0.3937987392078963)",4,3,0.7571428571428571,0.75,0.7482517482517482
13,1,"['YY', 'ZX']",linear,0.03252063058936455,"(0.3827462457100177, 0.35575186186959246, 0.3937987392078963)",4,3,0.7571428571428571,0.75,0.7482517482517482
22,1,"['YZ', 'YX']",linear,0.03252063058936455,"(0.3827462457100177, 0.35575186186959246, 0.3937987392078963)",4,3,0.7571428571428571,0.75,0.7482517482517482
20,1,"['XY', 'YX']",linear,0.03252063058936455,"(0.3827462457100177, 0.35575186186959246, 0.3937987392078963)",4,2,0.7571428571428571,0.75,0.7482517482517482
21,1,"['XY', 'YY']",linear,0.03252063058936455,"(0.3827462457100177, 0.35575186186959246, 0.3937987392078963)",4,2,0.7571428571428571,0.75,0.7482517482517482
22,1,"['XY', 'YZ']",linear,0.03252063058936455,"(0.3827462457100177, 0.35575186186959246, 0.3937987392078963)",4,3,0.7571428571428571,0.75,0.7482517482517482
20,1,"['YZ', 'XY']",linear,0.03252063058936455,"(0.3827462457100177, 0.35575186186959246, 0.3937987392078963)",4,3,0.7571428571428571,0.75,0.7482517482517482
28,2,['ZY'],linear,0.03252063058936455,"(0.3827462457100177, 0.35575186186959246, 0.3937987392078963)",2,2,0.7571428571428571,0.75,0.7482517482517482
21,1,"['YZ', 'XZ']",linear,0.03252063058936455,"(0.3827462457100177, 0.35575186186959246, 0.3937987392078963)",4,3,0.7571428571428571,0.75,0.7482517482517482
23,1,"['XY', 'ZX']",linear,0.03252063058936455,"(0.3827462457100177, 0.35575186186959246, 0.3937987392078963)",4,3,0.7571428571428571,0.75,0.7482517482517482
10,1,"['YY', 'YX']",linear,0.03252063058936455,"(0.3827462457100177, 0.35575186186959246, 0.3937987392078963)",4,2,0.7571428571428571,0.75,0.7482517482517482
24,1,"['XY', 'ZY']",linear,0.03252063058936455,"(0.3827462457100177, 0.35575186186959246, 0.3937987392078963)",4,3,0.7571428571428571,0.75,0.7482517482517482
24,2,['YX'],linear,0.03252063058936455,"(0.3827462457100177, 0.35575186186959246, 0.3937987392078963)",2,2,0.7571428571428571,0.75,0.7482517482517482
18,2,"['Z', 'ZY']",linear,0.0324901573256379,"(0.2930151968370217, 0.24671741232357616, 0.2653999424614064)",3,2,0.6666666666666666,0.6666666666666666,0.6666666666666666
35,2,"['XY', 'XX']",linear,0.031983436551662525,"(0.3592580525842128, 0.3367311390752537, 0.37817109866961973)",4,2,0.7571428571428571,0.75,0.7482517482517482
13,2,"['YX', 'XX']",linear,0.031983436551662525,"(0.3592580525842128, 0.3367311390752537, 0.37817109866961973)",4,2,0.7571428571428571,0.75,0.7482517482517482
24,2,"['XX', 'XY']",linear,0.03187619944260428,"(0.37719080175605524, 0.3508295612597971, 0.38822071964874755)",4,2,0.7571428571428571,0.75,0.7482517482517482
26,2,"['XX', 'YX']",linear,0.03187619944260428,"(0.37719080175605524, 0.3508295612597971, 0.38822071964874755)",4,2,0.7571428571428571,0.75,0.7482517482517482
29,3,"['YX', 'Y']",linear,0.03126698450792986,"(0.3027117842324443, 0.2809471068828001, 0.32171639854901557)",3,2,0.6875,0.6666666666666666,0.6571428571428571
7,3,"['YZ', 'Y']",linear,0.030326972270169283,"(0.3176735107910255, 0.26280597279591217, 0.26859237934113733)",3,2,0.5,0.5,0.48571428571428577
10,3,"['X', 'YZ']",linear,0.03032548204636698,"(0.30692157190506797, 0.2669861161927194, 0.2877016245731048)",3,3,0.3125,0.3333333333333333,0.3142857142857143
12,2,"['Z', 'XY']",linear,0.030187305017008975,"(0.27917074104932205, 0.23895886887478315, 0.2591216067342622)",3,3,0.7571428571428571,0.75,0.7482517482517482
37,3,"['Z', 'ZZ']",linear,0.030123005319482088,"(0.36907333437640116, 0.3605575680434977, 0.41228781234955847)",3,1,0.6875,0.6666666666666666,0.6571428571428571
44,3,"['ZZ', 'Z']",linear,0.030123005319482088,"(0.36907333437640116, 0.3605575680434977, 0.41228781234955847)",3,1,0.6875,0.6666666666666666,0.6571428571428571
32,3,"['ZY', 'Z']",linear,0.030010328280760723,"(0.3374630901103342, 0.3184160719222262, 0.35938971029563965)",3,2,0.7727272727272728,0.5833333333333334,0.49579831932773105
34,2,"['ZZ', 'ZY']",linear,0.029680939820477314,"(0.3811340865105342, 0.35670987084745276, 0.39164753482532594)",4,2,0.7571428571428571,0.75,0.7482517482517482
32,2,"['ZZ', 'YZ']",linear,0.029680939820477314,"(0.3811340865105342, 0.35670987084745276, 0.39164753482532594)",4,2,0.7571428571428571,0.75,0.7482517482517482
28,2,"['XX', 'YZ']",linear,0.029680939820477314,"(0.3811340865105342, 0.35670987084745276, 0.39164753482532594)",4,3,0.7571428571428571,0.75,0.7482517482517482
15,2,"['ZY', 'XX']",linear,0.029680939820477314,"(0.3811340865105342, 0.35670987084745276, 0.39164753482532594)",4,3,0.7571428571428571,0.75,0.7482517482517482
30,2,"['XX', 'ZY']",linear,0.029680939820477314,"(0.3811340865105342, 0.35670987084745276, 0.39164753482532594)",4,3,0.7571428571428571,0.75,0.7482517482517482
37,2,"['YZ', 'XX']",linear,0.029680939820477314,"(0.3811340865105342, 0.35670987084745276, 0.39164753482532594)",4,3,0.7571428571428571,0.75,0.7482517482517482
28,3,"['YX', 'X']",linear,0.029624487408248634,"(0.2789863954021567, 0.2622493368453113, 0.3047612531049632)",3,2,0.38888888888888884,0.4166666666666667,0.37777777777777777
36,1,"['Z', 'X']",linear,0.02912221739309917,"(0.3647849533367395, 0.3278240652647255, 0.3491076119789099)",2,2,0.5857142857142857,0.5833333333333334,0.5804195804195803
36,3,['X'],linear,0.02912221739309917,"(0.3647849533367395, 0.3278240652647255, 0.3491076119789099)",1,1,0.5857142857142857,0.5833333333333334,0.5804195804195803
24,1,"['Y', 'X']",linear,0.02912221739309917,"(0.3647849533367395, 0.3278240652647255, 0.3491076119789099)",2,2,0.5857142857142857,0.5833333333333334,0.5804195804195803
20,2,['Z'],linear,0.02912221739309917,"(0.3647849533367395, 0.3278240652647255, 0.3491076119789099)",1,1,0.5857142857142857,0.5833333333333334,0.5804195804195803
42,3,"['YY', 'Z']",linear,0.028787665138679475,"(0.29247067741510485, 0.27996792460537323, 0.3250405020730006)",3,2,0.5,0.5,0.48571428571428577
19,2,"['YX', 'ZX']",linear,0.02877315784452139,"(0.3849085243238028, 0.36108726089588217, 0.39481231315700427)",4,3,0.875,0.8333333333333334,0.8285714285714286
37,2,"['XY', 'XZ']",linear,0.02877315784452139,"(0.3849085243238028, 0.36108726089588217, 0.39481231315700427)",4,3,0.875,0.8333333333333334,0.8285714285714286
32,3,"['Z', 'YX']",linear,0.028432403826804342,"(0.2882113724205848, 0.2747675585056169, 0.3181885522442577)",3,3,0.7571428571428571,0.75,0.7482517482517482
39,1,"['YX', 'Y']",linear,0.028067900076124697,"(0.2889402808405816, 0.24835535401091036, 0.26390622733348845)",3,2,0.38888888888888884,0.4166666666666667,0.37777777777777777
30,1,"['ZX', 'Z']",linear,0.028067900076124697,"(0.2889402808405816, 0.24835535401091036, 0.26390622733348845)",3,2,0.38888888888888884,0.4166666666666667,0.37777777777777777
28,1,"['ZX', 'X']",linear,0.02753058088398297,"(0.46933054865822627, 0.45075989861956256, 0.48725041034886474)",3,2,0.5857142857142857,0.5833333333333334,0.5804195804195803
38,1,"['YX', 'X']",linear,0.02753058088398297,"(0.46933054865822627, 0.45075989861956256, 0.48725041034886474)",3,2,0.5857142857142857,0.5833333333333334,0.5804195804195803
31,3,"['Z', 'XZ']",linear,0.027451116782333362,"(0.3414862910937845, 0.3324982384995163, 0.3784124194699149)",3,2,0.5857142857142857,0.5833333333333334,0.5804195804195803
12,2,"['YX', 'Z']",linear,0.027232030994648937,"(0.27598586484448556, 0.23797604538414024, 0.25443028791309275)",3,3,0.6111111111111112,0.5833333333333334,0.5555555555555555
40,3,['XY'],linear,0.02720475770139147,"(0.49186271746699695, 0.4588028435147938, 0.4801524849653736)",2,2,0.8333333333333334,0.8333333333333334,0.8333333333333334
42,3,['YX'],linear,0.02720475770139147,"(0.49186271746699695, 0.4588028435147938, 0.4801524849653736)",2,2,0.8333333333333334,0.8333333333333334,0.8333333333333334
44,3,['YZ'],linear,0.02720475770139147,"(0.49186271746699695, 0.4588028435147938, 0.4801524849653736)",2,2,0.8333333333333334,0.8333333333333334,0.8333333333333334
0,3,['ZY'],linear,0.02720475770139147,"(0.49186271746699695, 0.4588028435147938, 0.4801524849653736)",2,2,0.8333333333333334,0.8333333333333334,0.8333333333333334
29,3,"['Z', 'XX']",linear,0.027139545517412433,"(0.33554212489900564, 0.3037480028414856, 0.32623297181879046)",3,2,0.9285714285714285,0.9166666666666666,0.9160839160839161
39,2,"['XY', 'YY']",linear,0.02713696544195554,"(0.3364094510486424, 0.33782781552441676, 0.39352011088410227)",4,2,0.6875,0.6666666666666666,0.6571428571428571
17,2,"['YX', 'YY']",linear,0.02713696544195554,"(0.3364094510486424, 0.33782781552441676, 0.39352011088410227)",4,2,0.6875,0.6666666666666666,0.6571428571428571
30,2,"['YY', 'YZ']",linear,0.02713696544195554,"(0.3364094510486424, 0.33782781552441676, 0.39352011088410227)",4,2,0.6875,0.6666666666666666,0.6571428571428571
32,2,"['YY', 'ZY']",linear,0.02713696544195554,"(0.3364094510486424, 0.33782781552441676, 0.39352011088410227)",4,2,0.6875,0.6666666666666666,0.6571428571428571
25,3,"['Y', 'ZZ']",linear,0.027084334285771394,"(0.2811729897650672, 0.26303947884057766, 0.2990746364876309)",3,2,0.5857142857142857,0.5833333333333334,0.5804195804195803
31,2,"['YY', 'ZX']",linear,0.026861283471834974,"(0.3869199202914005, 0.36030921698691604, 0.3874210806261015)",4,3,0.6111111111111112,0.5833333333333334,0.5555555555555555
27,2,"['YY', 'XZ']",linear,0.026861283471834974,"(0.3869199202914005, 0.36030921698691604, 0.3874210806261015)",4,3,0.6111111111111112,0.5833333333333334,0.5555555555555555
5,2,"['XZ', 'YY']",linear,0.026861283471834974,"(0.3869199202914005, 0.36030921698691604, 0.3874210806261015)",4,3,0.6111111111111112,0.5833333333333334,0.5555555555555555
7,2,"['ZX', 'YY']",linear,0.026861283471834974,"(0.3869199202914005, 0.36030921698691604, 0.3874210806261015)",4,3,0.6111111111111112,0.5833333333333334,0.5555555555555555
43,2,"['XY', 'ZZ']",linear,0.026647102441088144,"(0.3549290290498725, 0.3437783780055297, 0.38592193184336315)",4,3,0.7571428571428571,0.75,0.7482517482517482
28,2,"['ZZ', 'XY']",linear,0.026647102441088144,"(0.3549290290498725, 0.3437783780055297, 0.38592193184336315)",4,3,0.7571428571428571,0.75,0.7482517482517482
21,2,"['YX', 'ZZ']",linear,0.026647102441088144,"(0.3549290290498725, 0.3437783780055297, 0.38592193184336315)",4,3,0.7571428571428571,0.75,0.7482517482517482
30,2,"['ZZ', 'YX']",linear,0.026647102441088144,"(0.3549290290498725, 0.3437783780055297, 0.38592193184336315)",4,3,0.7571428571428571,0.75,0.7482517482517482
35,3,"['Z', 'ZX']",linear,0.02633893439410162,"(0.334390704316735, 0.3144527464968985, 0.3471926574652653)",3,2,0.6875,0.6666666666666666,0.6571428571428571
4,2,"['XZ', 'YX']",linear,0.025649991060758714,"(0.3969098464979653, 0.37091929282981373, 0.3962287212831796)",4,3,0.7571428571428571,0.75,0.7482517482517482
4,2,"['ZX', 'XY']",linear,0.025649991060758714,"(0.3969098464979653, 0.37091929282981373, 0.3962287212831796)",4,3,0.7571428571428571,0.75,0.7482517482517482
15,2,"['YX', 'XZ']",linear,0.025649991060758714,"(0.3969098464979653, 0.37091929282981373, 0.3962287212831796)",4,3,0.7571428571428571,0.75,0.7482517482517482
41,2,"['XY', 'ZX']",linear,0.025649991060758714,"(0.3969098464979653, 0.37091929282981373, 0.3962287212831796)",4,3,0.7571428571428571,0.75,0.7482517482517482
14,2,"['YX', 'XY']",linear,0.02562081789477455,"(0.5245160872371316, 0.4675205994374727, 0.46176674742736284)",4,2,0.6875,0.6666666666666666,0.6571428571428571
38,2,"['XY', 'YX']",linear,0.02562081789477455,"(0.5245160872371316, 0.4675205994374727, 0.46176674742736284)",4,2,0.6875,0.6666666666666666,0.6571428571428571
6,3,"['YZ', 'X']",linear,0.025554423497928302,"(0.289977233293313, 0.2691195650292652, 0.2993707437610741)",3,3,0.6111111111111112,0.5833333333333334,0.5555555555555555
30,3,"['Z', 'XY']",linear,0.025535444906235272,"(0.2808928874801496, 0.26017188639943784, 0.2905217751311966)",3,3,0.7571428571428571,0.75,0.7482517482517482
35,2,"['X', 'XZ']",linear,0.02543099233660659,"(0.27410277317872667, 0.24184737117908264, 0.2604539538526518)",3,2,0.5857142857142857,0.5833333333333334,0.5804195804195803
11,2,"['Z', 'XX']",linear,0.0252704320524359,"(0.29060668347113805, 0.25359589654892595, 0.2671259737315856)",3,2,0.5857142857142857,0.5833333333333334,0.5804195804195803
14,1,"['XY', 'X']",linear,0.025238704935861722,"(0.4916234826882764, 0.4657082966949732, 0.49027052057339343)",3,2,0.5857142857142857,0.5833333333333334,0.5804195804195803
26,1,"['XZ', 'X']",linear,0.025238704935861722,"(0.4916234826882764, 0.4657082966949732, 0.49027052057339343)",3,2,0.5857142857142857,0.5833333333333334,0.5804195804195803
28,1,"['Y', 'XY']",linear,0.024373342782079616,"(0.2837414064210887, 0.2441771335069227, 0.2533595461569159)",3,2,0.3333333333333333,0.3333333333333333,0.3333333333333333
41,1,"['Z', 'XZ']",linear,0.024373342782079616,"(0.2837414064210887, 0.2441771335069227, 0.2533595461569159)",3,2,0.3333333333333333,0.3333333333333333,0.3333333333333333
20,1,"['X', 'YZ']",linear,0.024298285858068147,"(0.49744387960353403, 0.4741632135892476, 0.4994791192910975)",3,3,0.6666666666666666,0.6666666666666666,0.6666666666666666
7,1,"['YY', 'XX']",linear,0.024298285858068147,"(0.49744387960353403, 0.4741632135892476, 0.4994791192910975)",4,2,0.6666666666666666,0.6666666666666666,0.6666666666666666
21,1,"['X', 'ZX']",linear,0.024298285858068147,"(0.49744387960353403, 0.4741632135892476, 0.4994791192910975)",3,2,0.6666666666666666,0.6666666666666666,0.6666666666666666
22,1,"['X', 'ZY']",linear,0.024298285858068147,"(0.49744387960353403, 0.4741632135892476, 0.4994791192910975)",3,3,0.6666666666666666,0.6666666666666666,0.6666666666666666
23,1,"['X', 'ZZ']",linear,0.024298285858068147,"(0.49744387960353403, 0.4741632135892476, 0.4994791192910975)",3,2,0.6666666666666666,0.6666666666666666,0.6666666666666666
27,2,"['XX', 'YY']",linear,0.024298285858068147,"(0.49744387960353403, 0.4741632135892476, 0.4994791192910975)",4,2,0.6666666666666666,0.6666666666666666,0.6666666666666666
21,2,['XX'],linear,0.024298285858068147,"(0.49744387960353403, 0.4741632135892476, 0.4994791192910975)",2,1,0.6666666666666666,0.6666666666666666,0.6666666666666666
29,2,['ZZ'],linear,0.024298285858068147,"(0.49744387960353403, 0.4741632135892476, 0.4994791192910975)",2,1,0.6666666666666666,0.6666666666666666,0.6666666666666666
18,1,"['X', 'YX']",linear,0.024298285858068147,"(0.49744387960353403, 0.4741632135892476, 0.4994791192910975)",3,2,0.6666666666666666,0.6666666666666666,0.6666666666666666
6,1,"['XX', 'XY']",linear,0.024298285858068147,"(0.49744387960353403, 0.4741632135892476, 0.4994791192910975)",4,2,0.6666666666666666,0.6666666666666666,0.6666666666666666
7,1,"['XX', 'XZ']",linear,0.024298285858068147,"(0.49744387960353403, 0.4741632135892476, 0.4994791192910975)",4,2,0.6666666666666666,0.6666666666666666,0.6666666666666666
8,1,"['XX', 'YX']",linear,0.024298285858068147,"(0.49744387960353403, 0.4741632135892476, 0.4994791192910975)",4,2,0.6666666666666666,0.6666666666666666,0.6666666666666666
9,1,"['XX', 'YY']",linear,0.024298285858068147,"(0.49744387960353403, 0.4741632135892476, 0.4994791192910975)",4,2,0.6666666666666666,0.6666666666666666,0.6666666666666666
9,1,"['ZZ', 'XX']",linear,0.024298285858068147,"(0.49744387960353403, 0.4741632135892476, 0.4994791192910975)",4,2,0.6666666666666666,0.6666666666666666,0.6666666666666666
10,1,"['XX', 'YZ']",linear,0.024298285858068147,"(0.49744387960353403, 0.4741632135892476, 0.4994791192910975)",4,3,0.6666666666666666,0.6666666666666666,0.6666666666666666
11,1,"['XX', 'ZX']",linear,0.024298285858068147,"(0.49744387960353403, 0.4741632135892476, 0.4994791192910975)",4,2,0.6666666666666666,0.6666666666666666,0.6666666666666666
12,1,"['XX', 'ZY']",linear,0.024298285858068147,"(0.49744387960353403, 0.4741632135892476, 0.4994791192910975)",4,3,0.6666666666666666,0.6666666666666666,0.6666666666666666
13,1,"['XX', 'ZZ']",linear,0.024298285858068147,"(0.49744387960353403, 0.4741632135892476, 0.4994791192910975)",4,2,0.6666666666666666,0.6666666666666666,0.6666666666666666
19,1,"['YZ', 'XX']",linear,0.024298285858068147,"(0.49744387960353403, 0.4741632135892476, 0.4994791192910975)",4,3,0.6666666666666666,0.6666666666666666,0.6666666666666666
5,3,"['YY', 'ZZ']",linear,0.024298285858068147,"(0.49744387960353403, 0.4741632135892476, 0.4994791192910975)",4,2,0.6666666666666666,0.6666666666666666,0.6666666666666666
19,1,"['X', 'YY']",linear,0.024298285858068147,"(0.49744387960353403, 0.4741632135892476, 0.4994791192910975)",3,2,0.6666666666666666,0.6666666666666666,0.6666666666666666
43,1,"['ZY', 'XX']",linear,0.024298285858068147,"(0.49744387960353403, 0.4741632135892476, 0.4994791192910975)",4,3,0.6666666666666666,0.6666666666666666,0.6666666666666666
9,1,['ZX'],linear,0.024298285858068147,"(0.49744387960353403, 0.4741632135892476, 0.4994791192910975)",2,2,0.6666666666666666,0.6666666666666666,0.6666666666666666
11,1,['ZZ'],linear,0.024298285858068147,"(0.49744387960353403, 0.4741632135892476, 0.4994791192910975)",2,1,0.6666666666666666,0.6666666666666666,0.6666666666666666
8,1,['YZ'],linear,0.024298285858068147,"(0.49744387960353403, 0.4741632135892476, 0.4994791192910975)",2,2,0.6666666666666666,0.6666666666666666,0.6666666666666666
17,1,"['X', 'XZ']",linear,0.024298285858068147,"(0.49744387960353403, 0.4741632135892476, 0.4994791192910975)",3,2,0.6666666666666666,0.6666666666666666,0.6666666666666666
7,1,['YY'],linear,0.024298285858068147,"(0.49744387960353403, 0.4741632135892476, 0.4994791192910975)",2,1,0.6666666666666666,0.6666666666666666,0.6666666666666666
10,1,['ZY'],linear,0.024298285858068147,"(0.49744387960353403, 0.4741632135892476, 0.4994791192910975)",2,2,0.6666666666666666,0.6666666666666666,0.6666666666666666
31,2,"['ZZ', 'YY']",linear,0.024298285858068147,"(0.49744387960353403, 0.4741632135892476, 0.4994791192910975)",4,2,0.6666666666666666,0.6666666666666666,0.6666666666666666
6,1,['YX'],linear,0.024298285858068147,"(0.49744387960353403, 0.4741632135892476, 0.4994791192910975)",2,2,0.6666666666666666,0.6666666666666666,0.6666666666666666
33,2,"['YY', 'ZZ']",linear,0.024298285858068147,"(0.49744387960353403, 0.4741632135892476, 0.4994791192910975)",4,2,0.6666666666666666,0.6666666666666666,0.6666666666666666
25,2,"['YY', 'XX']",linear,0.024298285858068147,"(0.49744387960353403, 0.4741632135892476, 0.4994791192910975)",4,2,0.6666666666666666,0.6666666666666666,0.6666666666666666
39,3,['XX'],linear,0.024298285858068147,"(0.49744387960353403, 0.4741632135892476, 0.4994791192910975)",2,1,0.6666666666666666,0.6666666666666666,0.6666666666666666
49,3,"['ZZ', 'YY']",linear,0.024298285858068147,"(0.49744387960353403, 0.4741632135892476, 0.4994791192910975)",4,2,0.6666666666666666,0.6666666666666666,0.6666666666666666
5,1,['XZ'],linear,0.024298285858068147,"(0.49744387960353403, 0.4741632135892476, 0.4994791192910975)",2,2,0.6666666666666666,0.6666666666666666,0.6666666666666666
16,1,"['X', 'XY']",linear,0.024298285858068147,"(0.49744387960353403, 0.4741632135892476, 0.4994791192910975)",3,2,0.6666666666666666,0.6666666666666666,0.6666666666666666
4,1,['XY'],linear,0.024298285858068147,"(0.49744387960353403, 0.4741632135892476, 0.4994791192910975)",2,2,0.6666666666666666,0.6666666666666666,0.6666666666666666
3,3,"['X', 'Y']",linear,0.023786470741088916,"(0.32774471671955063, 0.33545551174722027, 0.3907392482570677)",2,2,0.6875,0.6666666666666666,0.6571428571428571
6,2,"['XZ', 'YZ']",linear,0.023747548157028675,"(0.343314573671898, 0.33358992236910834, 0.37136036738037603)",4,3,0.7571428571428571,0.75,0.7482517482517482
10,2,"['ZX', 'ZY']",linear,0.023747548157028675,"(0.343314573671898, 0.33358992236910834, 0.37136036738037603)",4,3,0.7571428571428571,0.75,0.7482517482517482
42,3,"['XX', 'XY']",linear,0.02333424679909979,"(0.391703040829301, 0.4138026559892103, 0.48257076474731914)",4,2,0.7571428571428571,0.75,0.7482517482517482
44,3,"['XX', 'YX']",linear,0.02333424679909979,"(0.391703040829301, 0.4138026559892103, 0.48257076474731914)",4,2,0.7571428571428571,0.75,0.7482517482517482
36,2,"['X', 'YX']",linear,0.023168087438468654,"(0.34269605969903516, 0.288772000797592, 0.2811841167730862)",3,2,0.4142857142857143,0.4166666666666667,0.41258741258741255
14,2,"['Z', 'YX']",linear,0.021825447841670897,"(0.2779682757331483, 0.24529700017400075, 0.25627662029819503)",3,3,0.4142857142857143,0.4166666666666667,0.41258741258741255
42,3,"['ZZ', 'X']",linear,0.021301734210164402,"(0.31998012484806876, 0.2906100226874235, 0.303843388947107)",3,2,0.125,0.16666666666666666,0.14285714285714288
29,1,"['ZX', 'Y']",linear,0.021240523714017218,"(0.2674266890311724, 0.24105020019560428, 0.2571547587880706)",3,3,0.3125,0.3333333333333333,0.3142857142857143
40,1,"['YX', 'Z']",linear,0.021240523714017218,"(0.2674266890311724, 0.24105020019560428, 0.2571547587880706)",3,3,0.3125,0.3333333333333333,0.3142857142857143
9,3,"['XY', 'XZ']",linear,0.02100135389578517,"(0.38935823489772553, 0.36868832457341516, 0.3900211220406751)",4,3,0.7571428571428571,0.75,0.7482517482517482
37,3,"['YX', 'ZX']",linear,0.02100135389578517,"(0.38935823489772553, 0.36868832457341516, 0.3900211220406751)",4,3,0.7571428571428571,0.75,0.7482517482517482
24,3,"['ZX', 'YX']",linear,0.01968316400775655,"(0.3759231588502981, 0.36254819587272863, 0.3885395609106723)",4,3,0.7571428571428571,0.75,0.7482517482517482
20,3,"['XZ', 'XY']",linear,0.01968316400775655,"(0.3759231588502981, 0.36254819587272863, 0.3885395609106723)",4,3,0.7571428571428571,0.75,0.7482517482517482
11,2,"['ZX', 'ZZ']",linear,0.019447739079846982,"(0.4799291859195778, 0.5000914480710653, 0.5591491883822468)",4,2,0.5857142857142857,0.5833333333333334,0.5804195804195803
9,2,"['XZ', 'ZZ']",linear,0.019447739079846982,"(0.4799291859195778, 0.5000914480710653, 0.5591491883822468)",4,2,0.5857142857142857,0.5833333333333334,0.5804195804195803
0,2,"['XZ', 'Z']",linear,0.018970428361636482,"(0.2707201058993544, 0.2543464650340758, 0.27591368089207013)",3,2,0.6875,0.6666666666666666,0.6571428571428571
8,3,"['X', 'YX']",linear,0.018375282716118824,"(0.28811830302874186, 0.2725394741925526, 0.293711210788601)",3,2,0.4142857142857143,0.4166666666666667,0.41258741258741255
22,2,"['XX', 'Z']",linear,0.018292559839168665,"(0.2868773665347596, 0.26060798757426773, 0.2709237282921132)",3,2,0.5,0.5,0.4375
32,1,"['Y', 'YZ']",linear,0.01827962586346102,"(0.2692393146156844, 0.24998015048591812, 0.26728023808307394)",3,2,0.24285714285714288,0.25,0.2447552447552447
0,1,"['Z', 'ZY']",linear,0.017822705027162766,"(0.2717864548270599, 0.2507992905506571, 0.26545753632857977)",3,2,0.24285714285714288,0.25,0.2447552447552447
26,2,"['ZZ', 'Z']",linear,0.01631116189585552,"(0.29775830163003886, 0.2864563218967402, 0.3077766659551526)",3,1,0.38888888888888884,0.4166666666666667,0.37777777777777777
38,3,"['XX', 'X']",linear,0.01631116189585552,"(0.29775830163003886, 0.2864563218967402, 0.3077766659551526)",3,1,0.38888888888888884,0.4166666666666667,0.37777777777777777
19,2,"['Z', 'ZZ']",linear,0.01631116189585552,"(0.29775830163003886, 0.2864563218967402, 0.3077766659551526)",3,1,0.38888888888888884,0.4166666666666667,0.37777777777777777
5,3,"['X', 'XX']",linear,0.01631116189585552,"(0.29775830163003886, 0.2864563218967402, 0.3077766659551526)",3,1,0.38888888888888884,0.4166666666666667,0.37777777777777777
20,2,"['ZY', 'YZ']",linear,0.01607783643254379,"(0.4169983584126635, 0.3843132363617545, 0.3837837871759331)",4,2,0.6111111111111112,0.5833333333333334,0.5555555555555555
44,2,"['YZ', 'ZY']",linear,0.01607783643254379,"(0.4169983584126635, 0.3843132363617545, 0.3837837871759331)",4,2,0.6111111111111112,0.5833333333333334,0.5555555555555555
13,3,"['X', 'ZZ']",linear,0.015076852008949426,"(0.304410741870423, 0.2895575206949756, 0.30485800353742704)",3,2,0.3125,0.3333333333333333,0.3142857142857143
29,2,"['XX', 'ZX']",linear,0.01484076546105606,"(0.448059597940722, 0.4831114547402324, 0.5478448424618549)",4,2,0.7571428571428571,0.75,0.7482517482517482
25,2,"['XX', 'XZ']",linear,0.01484076546105606,"(0.448059597940722, 0.4831114547402324, 0.5478448424618549)",4,2,0.7571428571428571,0.75,0.7482517482517482
26,3,"['Z', 'X']",linear,0.013839591545783403,"(0.5140515643891432, 0.4672084594462958, 0.44804453759501517)",2,2,0.5,0.5,0.48571428571428577
38,3,['Z'],linear,0.013577972685773876,"(0.4322921324121431, 0.4158192236011139, 0.4265022601616325)",1,1,0.5,0.5,0.5
1,3,"['YY', 'YY']",linear,0.013442487889824162,"(0.4866611580009342, 0.49076623606795944, 0.5217562899146331)",4,1,0.5857142857142857,0.5833333333333334,0.5804195804195803
15,2,"['Z', 'YY']",linear,0.012312531583157593,"(0.27005827660093107, 0.25949703136260815, 0.27356084929060037)",3,2,0.7571428571428571,0.75,0.7482517482517482
8,2,"['Z', 'X']",linear,0.01212696047431594,"(0.45932659674495885, 0.4640068832041455, 0.492941090611964)",2,2,0.25,0.5,0.3333333333333333
24,2,"['YY', 'Z']",linear,0.012123522428733269,"(0.2758840779030162, 0.26483194528488485, 0.27802685752422)",3,2,0.6875,0.6666666666666666,0.6571428571428571
39,1,"['Z', 'XX']",linear,0.011025663639729344,"(0.27361246269123307, 0.2611101178353038, 0.27065910025883316)",3,2,0.24285714285714288,0.25,0.2447552447552447
27,1,"['Y', 'XX']",linear,0.011025663639729344,"(0.27361246269123307, 0.2611101178353038, 0.27065910025883316)",3,2,0.24285714285714288,0.25,0.2447552447552447
16,3,"['YZ', 'ZY']",linear,0.010300009799647625,"(0.4316070629922881, 0.4209121730730272, 0.43081730275306146)",4,2,0.6111111111111112,0.5833333333333334,0.5555555555555555
38,3,"['ZY', 'YZ']",linear,0.010300009799647625,"(0.4316070629922881, 0.4209121730730272, 0.43081730275306146)",4,2,0.6111111111111112,0.5833333333333334,0.5555555555555555
2,3,"['X', 'X']",linear,0.009631067521039538,"(0.38059200821754074, 0.36966520136589825, 0.3780005295563349)",2,1,0.5857142857142857,0.5833333333333334,0.5804195804195803
10,2,"['Z', 'Z']",linear,0.009631067521039538,"(0.38059200821754074, 0.36966520136589825, 0.3780005295563349)",2,1,0.5857142857142857,0.5833333333333334,0.5804195804195803
25,3,"['XZ', 'ZX']",linear,0.009479912535381385,"(0.4040211250503497, 0.3861474125019322, 0.3872335250242775)",4,2,0.4142857142857143,0.4166666666666667,0.41258741258741255
23,3,"['ZX', 'XZ']",linear,0.009479912535381385,"(0.4040211250503497, 0.3861474125019322, 0.3872335250242775)",4,2,0.4142857142857143,0.4166666666666667,0.41258741258741255
4,3,"['X', 'Z']",linear,0.007289447400441407,"(0.369215710771021, 0.35150084475825355, 0.34836487354636897)",2,2,0.5,0.5,0.4375
37,2,"['X', 'YY']",linear,0.00716952688785194,"(0.26776733872054787, 0.26190569190545143, 0.2703830988660589)",3,2,0.5,0.5,0.4375
3,3,"['XX', 'ZZ']",linear,0.006479593027900132,"(0.5225785887697754, 0.5020380963207698, 0.4944567899275645)",4,2,0.4142857142857143,0.4166666666666667,0.41258741258741255
43,3,['YY'],linear,0.006479593027900132,"(0.5225785887697754, 0.5020380963207698, 0.4944567899275645)",2,1,0.4142857142857143,0.4166666666666667,0.41258741258741255
45,3,"['ZZ', 'XX']",linear,0.006479593027900132,"(0.5225785887697754, 0.5020380963207698, 0.4944567899275645)",4,2,0.4142857142857143,0.4166666666666667,0.41258741258741255
46,3,"['ZZ', 'XY']",linear,0.005696454940305573,"(0.3761093505867825, 0.3805180940542864, 0.39631974740240145)",4,3,0.7999999999999999,0.6666666666666666,0.6249999999999999
48,3,"['ZZ', 'YX']",linear,0.005696454940305573,"(0.3761093505867825, 0.3805180940542864, 0.39631974740240145)",4,3,0.7999999999999999,0.6666666666666666,0.6249999999999999
39,3,"['YX', 'ZZ']",linear,0.005696454940305573,"(0.3761093505867825, 0.3805180940542864, 0.39631974740240145)",4,3,0.7999999999999999,0.6666666666666666,0.6249999999999999
15,3,"['XY', 'ZZ']",linear,0.005696454940305573,"(0.3761093505867825, 0.3805180940542864, 0.39631974740240145)",4,3,0.7999999999999999,0.6666666666666666,0.6249999999999999
15,1,"['X', 'XX']",linear,0.00472005208333337,"(0.4391276041666667, 0.43359375, 0.4375)",3,1,0.25,0.5,0.3333333333333333
18,2,"['YX', 'YZ']",linear,0.00472005208333337,"(0.4391276041666667, 0.43359375, 0.4375)",4,3,0.25,0.5,0.3333333333333333
12,1,"['X', 'X']",linear,0.00472005208333337,"(0.4391276041666667, 0.43359375, 0.4375)",2,1,0.25,0.5,0.3333333333333333
42,2,"['XY', 'ZY']",linear,0.00472005208333337,"(0.4391276041666667, 0.43359375, 0.4375)",4,3,0.25,0.5,0.3333333333333333
40,2,"['YZ', 'YX']",linear,0.00472005208333337,"(0.4391276041666667, 0.43359375, 0.4375)",4,3,0.25,0.5,0.3333333333333333
16,2,"['ZY', 'XY']",linear,0.00472005208333337,"(0.4391276041666667, 0.43359375, 0.4375)",4,3,0.25,0.5,0.3333333333333333
3,1,['XX'],linear,0.00472005208333337,"(0.4391276041666667, 0.43359375, 0.4375)",2,1,0.25,0.5,0.3333333333333333
0,1,['X'],linear,0.00472005208333337,"(0.4391276041666667, 0.43359375, 0.4375)",1,1,0.25,0.5,0.3333333333333333
43,2,"['Y', 'Y']",linear,0.00472005208333337,"(0.4391276041666667, 0.43359375, 0.4375)",2,1,0.25,0.5,0.3333333333333333
2,1,"['XX', 'X']",linear,0.00472005208333337,"(0.4391276041666667, 0.43359375, 0.4375)",3,1,0.25,0.5,0.3333333333333333
5,1,"['XX', 'XX']",linear,0.00472005208333337,"(0.4391276041666667, 0.43359375, 0.4375)",4,1,0.25,0.5,0.3333333333333333
19,2,['Y'],linear,0.00472005208333337,"(0.4391276041666667, 0.43359375, 0.4375)",1,1,0.25,0.5,0.3333333333333333
13,1,"['ZZ', 'YY']",linear,0.00472005208333337,"(0.4391276041666667, 0.43359375, 0.4375)",4,2,0.25,0.5,0.3333333333333333
15,1,"['YY', 'ZZ']",linear,0.00472005208333337,"(0.4391276041666667, 0.43359375, 0.4375)",4,2,0.25,0.5,0.3333333333333333
28,3,"['Z', 'Z']",linear,0.0037636123838999946,"(0.42045716969062313, 0.4202546008399112, 0.4275792567569992)",2,1,0.4142857142857143,0.4166666666666667,0.41258741258741255
27,1,"['YZ', 'ZZ']",linear,-0.0074098151757429065,"(0.5182632917590533, 0.5686513784276835, 0.604219834744828)",4,2,0.5857142857142857,0.5833333333333334,0.5804195804195803
12,1,"['YY', 'YZ']",linear,-0.0074098151757429065,"(0.5182632917590533, 0.5686513784276835, 0.604219834744828)",4,2,0.5857142857142857,0.5833333333333334,0.5804195804195803
30,1,"['XZ', 'XY']",linear,-0.0074098151757429065,"(0.5182632917590533, 0.5686513784276835, 0.604219834744828)",4,3,0.5857142857142857,0.5833333333333334,0.5804195804195803
14,1,"['YY', 'ZY']",linear,-0.0074098151757429065,"(0.5182632917590533, 0.5686513784276835, 0.604219834744828)",4,2,0.5857142857142857,0.5833333333333334,0.5804195804195803
23,1,"['YZ', 'YY']",linear,-0.0074098151757429065,"(0.5182632917590533, 0.5686513784276835, 0.604219834744828)",4,2,0.5857142857142857,0.5833333333333334,0.5804195804195803
19,1,"['XY', 'XZ']",linear,-0.0074098151757429065,"(0.5182632917590533, 0.5686513784276835, 0.604219834744828)",4,3,0.5857142857142857,0.5833333333333334,0.5804195804195803
5,1,"['ZY', 'ZZ']",linear,-0.0074098151757429065,"(0.5182632917590533, 0.5686513784276835, 0.604219834744828)",4,2,0.5857142857142857,0.5833333333333334,0.5804195804195803
34,1,"['ZX', 'YX']",linear,-0.0074098151757429065,"(0.5182632917590533, 0.5686513784276835, 0.604219834744828)",4,3,0.5857142857142857,0.5833333333333334,0.5804195804195803
1,1,"['ZY', 'YY']",linear,-0.0074098151757429065,"(0.5182632917590533, 0.5686513784276835, 0.604219834744828)",4,2,0.5857142857142857,0.5833333333333334,0.5804195804195803
14,1,"['ZZ', 'YZ']",linear,-0.0074098151757429065,"(0.5182632917590533, 0.5686513784276835, 0.604219834744828)",4,2,0.5857142857142857,0.5833333333333334,0.5804195804195803
16,1,"['ZZ', 'ZY']",linear,-0.0074098151757429065,"(0.5182632917590533, 0.5686513784276835, 0.604219834744828)",4,2,0.5857142857142857,0.5833333333333334,0.5804195804195803
1,1,"['YX', 'ZX']",linear,-0.0074098151757429065,"(0.5182632917590533, 0.5686513784276835, 0.604219834744828)",4,3,0.5857142857142857,0.5833333333333334,0.5804195804195803
1,2,"['XZ', 'XX']",linear,-0.009356574074369739,"(0.46751603358393745, 0.5230967739152873, 0.5599643660978977)",4,2,0.5,0.5,0.48571428571428577
3,2,"['ZX', 'XX']",linear,-0.009356574074369739,"(0.46751603358393745, 0.5230967739152873, 0.5599643660978977)",4,2,0.5,0.5,0.48571428571428577
